<annotation>
	<folder>C:\Users\ABC\OneDrive\Desktop\project2\src\22_oanhnt\backend\image/headsets</folder>
	<filename>C:\Users\ABC\OneDrive\Desktop\project2\src\22_oanhnt\backend\image/headsets/img_295.jpg</filename>
	<source>
		<database>Unknown</database>
	</source>
	<size>
		<width>180</width>
		<height>281</height>
		<depth>1</depth>
	</size>
	<segmented>0</segmented>
	<object>
		<name>Dog</name>
		<pose>Unspecified</pose>
		<truncated>0</truncated>
		<difficult>0</difficult>
		<bndbox>
			<xmin>6</xmin>
			<ymin>19</ymin>
			<xmax>176</xmax>
			<ymax>174</ymax>
		</bndbox>
	</object>
	<object>
		<name>Cat</name>
		<pose>Unspecified</pose>
		<truncated>0</truncated>
		<difficult>0</difficult>
		<bndbox>
			<xmin>58</xmin>
			<ymin>144</ymin>
			<xmax>281</xmax>
			<ymax>180</ymax>
		</bndbox>
	</object>
</annotation>
