<annotation>
	<folder>C:\Users\ABC\OneDrive\Desktop\project2\src\22_oanhnt\backend\image/headsets</folder>
	<filename>C:\Users\ABC\OneDrive\Desktop\project2\src\22_oanhnt\backend\image/headsets/img_297.jpg</filename>
	<source>
		<database>Unknown</database>
	</source>
	<size>
		<width>192</width>
		<height>263</height>
		<depth>1</depth>
	</size>
	<segmented>0</segmented>
	<object>
		<name>Cat</name>
		<pose>Unspecified</pose>
		<truncated>0</truncated>
		<difficult>0</difficult>
		<bndbox>
			<xmin>30</xmin>
			<ymin>93</ymin>
			<xmax>259</xmax>
			<ymax>189</ymax>
		</bndbox>
	</object>
</annotation>
