<annotation>
	<folder>C:\Users\ABC\OneDrive\Desktop\project2\src\22_oanhnt\backend\image/headsets</folder>
	<filename>C:\Users\ABC\OneDrive\Desktop\project2\src\22_oanhnt\backend\image/headsets/img_296.jpg</filename>
	<source>
		<database>Unknown</database>
	</source>
	<size>
		<width>168</width>
		<height>300</height>
		<depth>1</depth>
	</size>
	<segmented>0</segmented>
	<object>
		<name>Dog</name>
		<pose>Unspecified</pose>
		<truncated>0</truncated>
		<difficult>0</difficult>
		<bndbox>
			<xmin>12.238840092606438</xmin>
			<ymin>30.798388006831477</ymin>
			<xmax>163.30134883243926</xmax>
			<ymax>165.84182009995908</ymax>
		</bndbox>
	</object>
	<object>
		<name>Cat</name>
		<pose>Unspecified</pose>
		<truncated>0</truncated>
		<difficult>0</difficult>
		<bndbox>
			<xmin>2.4343945602222163</xmin>
			<ymin>160.96855022635464</ymin>
			<xmax>274.34256248206833</xmax>
			<ymax>165.84182009995908</ymax>
		</bndbox>
	</object>
</annotation>
